
DROP DATABASE IF EXISTS tinyairline;
CREATE DATABASE IF NOT EXISTS `tinyairline` DEFAULT CHARACTER SET utf8 COLLATE utf8_unicode_ci;
USE `tinyairline`;

CREATE TABLE IF NOT EXISTS customer (
	cus_citizen_id CHAR(13) NOT NULL,
    cus_fname NVARCHAR(80) NOT NULL,
    cus_lname NVARCHAR(80) NOT NULL,
    cus_bdate DATE NOT NULL,
    CONSTRAINT pk_customer PRIMARY KEY (cus_citizen_id)
);

TRUNCATE TABLE customer;
INSERT INTO customer VALUES
('1102298671394', 'Somchai', 'Yimyai', '1972-10-06'),
('1113285777432', 'John', 'Doe', '2010-05-12'),
('1119118542694', 'Kanya', 'Srithong', '1940-11-09'),
('1180206944788', 'Michael', 'Johnson', '2010-06-03'),
('1148705657013', 'Amelia', 'Williams', '1970-04-03'),
('1140420234729', 'Chalida', 'Chaiyasit', '1951-01-01'),
('1126080846486', 'Emily', 'Jones', '1996-08-14'),
('1167704895602', 'Henry', 'Garcia', '1989-03-01'),
('1193259796875', 'Apinya', 'Rattana', '2005-11-16'),
('1109022359732', 'Chris', 'Lee', '1986-04-04'),
('1153734464339', 'Monthira', 'Panyachok', '2007-03-13'),
('1102332350591', 'Narong', 'Kaewkla', '1994-09-24'),
('1117875440464', 'Liam', 'Walker', '2006-11-01'),
('1141586855058', 'Noah', 'Harris', '1973-02-07'),
('1184736995081', 'Charlotte', 'Clark', '1984-02-26'),
('1106684194824', 'Jirapa', 'Wongnopparat', '1972-07-22'),
('1114018019731', 'Amelia', 'Gonzalez', '2008-07-04'),
('1132838002101', 'Liam', 'King', '1983-05-01'),
('1148442317454', 'Siriporn', 'Maneekul', '1972-08-01'),
('1167781239293', 'Lucas', 'Morris', '1951-05-20'),
('1192256804086', 'Charlotte', 'Adams', '1999-06-15'),
('1132736187935', 'Amelia', 'Roberts', '1938-02-01'),
('1117819475207', 'Liam', 'Phillips', '2004-02-20'),
('1157159900852', 'Henry', 'Walker', '2000-01-10'),
('1149686748854', 'Henry', 'Garcia', '1951-05-16'),
('1114054721122', 'Sophia', 'Moore', '1939-06-01'),
('1102830980988', 'Lucy', 'Carter', '1977-05-16'),
('1136740020318', 'Mia', 'Davis', '1987-03-13'),
('1190818062557', 'William', 'Lopez', '1964-06-09'),
('1123168888823', 'Amelia', 'Harris', '1983-11-09'),
('1199725224695', 'Noah', 'Harris', '1976-10-11'),
('1147737804886', 'Amelia', 'Garcia', '2007-10-04'),
('1115017093173', 'Ethan', 'Allen', '1953-06-24'),
('1129121085991', 'Henry', 'Baker', '1993-08-22'),
('1106970508061', 'William', 'Cook', '1993-10-18'),
('1133628955197', 'Sophia', 'Walker', '1960-01-16'),
('1125912617995', 'Lucas', 'Morris', '1978-03-07'),
('1144048707563', 'Ava', 'Scott', '1973-08-10'),
('1112047305362', 'Amelia', 'Roberts', '1962-09-12'),
('1144627855505', 'Grace', 'Morris', '1948-09-13'),
('1117215228204', 'Henry', 'Walker', '1944-05-02'),
('1154216419736', 'Chloe', 'Young', '2008-11-07'),
('1165102454312', 'Charlotte', 'Roberts', '1990-02-24'),
('1192554405147', 'Lucy', 'Carter', '2004-10-15'),
('1198381445822', 'Mia', 'Davis', '1975-05-15'),
('1171494406621', 'Amelia', 'Johnson', '1989-11-27'),
('1184078163731', 'Amelia', 'Harris', '2009-07-05'),
('1179894974098', 'Olivia', 'White', '1954-12-14'),
('1162499899066', 'Noah', 'Williams', '1979-11-08'),
('1191160386967', 'Noah', 'Martin', '2010-06-01');

CREATE TABLE IF NOT EXISTS passenger (
	p_passport_id CHAR(9) NOT NULL,
	p_fname NVARCHAR(80) NOT NULL,
	p_lname NVARCHAR(80) NOT NULL,
	p_mname NVARCHAR(80),
	p_citizen_id CHAR(13) NOT NULL,
    CONSTRAINT pk_passenger PRIMARY KEY (p_passport_id)
);

TRUNCATE TABLE passenger;
INSERT INTO passenger VALUES
('BA481920', 'Alice', 'Wonderland', 'Inthe', '1146524329195'),
('TQ597511', 'John', 'Doe', NULL, '1131755200177'),
('SX614430', 'Jane', 'Smith', 'Ann', '1154244048631'),
('VE657754', 'Michael', 'Johnson', 'David', '1159795130053'),
('ED183646', 'Amelia', 'Williams', 'Marie', '1101426193871'),
('DO477417', 'Liam', 'Brown', 'Michael', '1164567182402'),
('FR628679', 'Emily', 'Jones', 'Taylor', '1106570131297'),
('PY172671', 'Henry', 'Garcia', 'Luis', '1183688565891'),
('IW347070', 'Sophia', 'Moore', 'Claire', '1119366017956'),
('IH386717', 'Chris', 'Lee', NULL, '1163076513688'),
('RX793483', 'Olivia', 'White', 'Hannah', '1177527455915'),
('ON763226', 'William', 'Lopez', 'Francisco', '1153583154026'),
('OA307706', 'Liam', 'Walker', 'Ella', '1169827556271'),
('HO797910', 'Noah', 'Harris', 'James', '1101690675427'),
('AE057306', 'Charlotte', 'Clark', 'Zoe', '1171671637906'),
('IB267461', 'Ethan', 'Allen', 'Alexander', '1101651200375'),
('TZ932350', 'Amelia', 'Gonzalez', 'Elise', '1147853390669'),
('JG646776', 'Liam', 'King', 'Louis', '1105925343414'),
('AQ655225', 'Isabella', 'Scott', 'Chloe', '1154245494961'),
('OO206740', 'Lucas', 'Morris', 'Benjamin', '1109316388993'),
('AE196789', 'Charlotte', 'Adams', 'Penelope', '1129113288463'),
('BK313456', 'Amelia', 'Roberts', 'Harrison', '1135680762959'),
('SZ628540', 'Liam', 'Phillips', 'Sophia', '1137055071655'),
('BX572602', 'Henry', 'Walker', 'Jacob', '1152527545626'),
('FX740854', 'Chloe', 'Young', 'Amy', '1155316017045'),
('QG424723', 'Benjamin', 'King', 'Ryan', '1160494762079'),
('LX150813', 'Lucy', 'Carter', 'Lila', '1149981907224'),
('TH480913', 'Mia', 'Davis', 'Lily', '1101458944848'),
('BV676713', 'Jacob', 'Johnson', 'Isaac', '1134407708686'),
('YY870886', 'Amelia', 'Harris', 'Susan', '1175689238535'),
('VV114171', 'Olivia', 'White', 'Lily', '1169666643569'),
('EK853886', 'Amelia', 'Garcia', 'Grace', '1172355423412'),
('FJ110031', 'Noah', 'Martin', 'Leo', '1104769143238'),
('VI932648', 'Henry', 'Baker', NULL, '1195405655799'),
('MJ737531', 'William', 'Cook', 'James', '1166716615129'),
('NX409112', 'Sophia', 'Walker', 'Anna', '1115020780976'),
('FE153538', 'Benjamin', 'Allen', 'Ryan', '1123742077217'),
('CY818268', 'Ava', 'Scott', 'Chloe', '1172648499943'),
('KS389634', 'Lucas', 'King', 'Oliver', '1104861388063'),
('MY073424', 'Grace', 'Morris', 'Hannah', '1189360677075'),
('GM859796', 'Liam', 'Young', 'Elijah', '1176421973555'),
('OE395052', 'Jacob', 'Phillips', NULL, '1172372050882'),
('XH250089', 'Charlotte', 'Roberts', 'Clara', '1154001798236'),
('OO010864', 'Benjamin', 'Brown', 'Chloe', '1173346449871'),
('SK087696', 'Amelia', 'Lopez', 'Rose', '1169462161922'),
('IV850318', 'Amelia', 'Johnson', NULL, '1141273486037'),
('DA816216', 'Benjamin', 'Moore', 'Liam', '1165673506705'),
('DV336883', 'Emily', 'Carter', 'Lily', '1187162014051'),
('GF644594', 'Noah', 'Williams', 'Benjamin', '1162179821287'),
('SI289834', 'Mia', 'Adams', 'Emma', '1118217480289'),
('LL013097', 'Sophia', 'King', 'Jade', '1100928786088'),
('SN604096', 'William', 'Baker', 'Mark', '1139514964818'),
('JE749524', 'Wannarot', 'Phillips', NULL, '1102528253882'),
('ZG559237', 'Lucas', 'Moore', NULL, '1124969460512'),
('FC657064', 'Sudarat', 'Somsuk', NULL, '1117275654609'),
('CS818559', 'Kritsada', 'Chaiyasit', NULL, '1194435868072'),
('US554340', 'Siriporn', 'Kwanrath', NULL, '1102934137187'),
('ED302566', 'Sakchai', 'Kwanrath', NULL, '1111824432388'),
('AI382338', 'Napaporn', 'Wongpiyakul', NULL, '1187487017157'),
('TB463206', 'Chutima', 'Chaisuksai', NULL, '1134324031913'),
('RR586361', 'Prasit', 'Phusit', NULL, '1108384771135'),
('GD177878', 'Nattawut', 'Chalermkij', NULL, '1167181250067'),
('WJ870012', 'Waranya', 'Pimpaeng', NULL, '1114438603509'),
('DP819698', 'Sathit', 'Panitjaroen', NULL, '1172430116801'),
('DR577171', 'Kittinan', 'Wanlop', NULL, '1175076993673'),
('TL925713', 'Pornthip', 'Tuangsuk', NULL, '1155269031024'),
('TT658542', 'Kanchana', 'Jitphatcharaphong', NULL, '1110237599845'),
('TR580680', 'Phasakorn', 'Kaewkun', NULL, '1114127017799'),
('OL937340', 'Chonlada', 'Laohapaisarn', NULL, '1194953292798'),
('ER463023', 'Pongpol', 'Chutinthai', NULL, '1197565503018'),
('LK124355', 'Prasit', 'Phusit', NULL, '1126252059673'),
('HY518752', 'Chanchai', 'Sookla', NULL, '1183407831835'),
('VZ781152', 'Somchai', 'Kwanrath', NULL, '1154136448802'),
('LU019569', 'Somchai', 'Tananuwat', NULL, '1123035193328'),
('DJ565613', 'Wannarot', 'Rattanachai', NULL, '1139557257722'),
('XU893675', 'Apichart', 'Chantaraksa', NULL, '1172287480061'),
('NE624774', 'Chitchai', 'Patthanasophon', NULL, '1149647515356'),
('XI532913', 'Prasit', 'Srisungnoen', NULL, '1107213750698'),
('JN643754', 'Jirawan', 'Kaewmanee', NULL, '1166289602281'),
('CR407544', 'Phayung', 'Thongkum', NULL, '1167605526668');

CREATE TABLE IF NOT EXISTS add_on (
    addon_id CHAR(5) NOT NULL,
    addon_name NVARCHAR(20) NOT NULL,
    ao_privillege NVARCHAR(200) NOT NULL,
    ao_nMax BOOLEAN NOT NULL,
    ao_num_used INT,
    ao_privillege_id NVARCHAR(20),
    ao_nRef BOOLEAN NOT NULL,
    ao_refund_ticket INT,
    ao_refund_rate DECIMAL(3,2),
    CONSTRAINT pk_add_on PRIMARY KEY (addon_id)
);

TRUNCATE TABLE add_on;
INSERT INTO add_on (addon_id, addon_name, ao_privillege, ao_nMax, ao_num_used, ao_privillege_id, ao_nRef, ao_refund_ticket, ao_refund_rate) VALUES
( 'NAO00', 'Nok Def', 'No add_on', FALSE, NULL, NULL, FALSE, NULL, NULL ),
( 'NAO01', 'Nok Max', 'A premium travel package offering maximum flexibility, extra benefits, and higher baggage allowance.', TRUE, 10, 'PRV01', FALSE, NULL, NULL ),
( 'NAO02', 'Nok Refund', 'A ticket option that allows refunds in case of cancellation, subject to terms and conditions.', FALSE, NULL, NULL, TRUE, 30, 0.8 ),
( 'NAO03', 'Nok X-tra', 'An upgraded service providing additional amenities.', FALSE, NULL, NULL, FALSE, NULL, NULL ),
( 'NAO04', 'Nok Baggage', 'A service or fee associated with carrying standard checked luggage.', FALSE, NULL, NULL, FALSE, NULL, NULL ),
( 'NAO05', 'Nok Special Baggage', 'Allows you to carry an additional 5 kilograms of baggage beyond the standard allowance.', FALSE, NULL, NULL, FALSE, NULL, NULL ),
( 'NAO06', 'Nok Sure', 'An insurance or add-on service ensuring compensation for travel interruptions, delays, or cancellations', FALSE, NULL, NULL, FALSE, NULL, NULL ),
( 'NAO07', 'Nok First', 'A priority boarding service.', FALSE, NULL, NULL, FALSE, NULL, NULL ),
( 'NAO08', 'Nok Meal', 'A pre-ordered in-flight meal service providing a variety of food and drink options.', FALSE, NULL, NULL, FALSE, NULL, NULL ),
( 'NAO09', 'Nok Air Lounge', 'Access to premium lounges for comfortable waiting with amenities like snacks, drinks, and Wi-Fi.', FALSE, NULL, NULL, FALSE, NULL, NULL ),
( 'NAO10', 'Nok Fast Queue', 'A priority service for faster check-in.', FALSE, NULL, NULL, FALSE, NULL, NULL );
		
CREATE TABLE IF NOT EXISTS airport (
	airport_name NVARCHAR(80) NOT NULL,
	ap_gateway INT NOT NULL,
	ap_parking_area INT NOT NULL,
	ap_runway INT NOT NULL,
	ap_terminal INT NOT NULL,
	ap_city NVARCHAR(80),
	ap_country NVARCHAR(80) NOT NULL,
	ap_district NVARCHAR(80),
    CONSTRAINT pk_airport PRIMARY KEY (airport_name)
);

TRUNCATE TABLE airport;
INSERT INTO airport (airport_name, ap_gateway, ap_parking_area, ap_runway, ap_terminal, ap_city, ap_country, ap_district) VALUES
( 'Don Mueang International Airport', 3, 1, 2, 2, 'Bangkok', 'Thailand', 'Don Mueang' ),	
( 'Chiang Mai International Airport', 2, 2, 1, 2, 'Chiang Mai', 'Thailand', 'Mueang Chiang Mai' ),	
( 'Chiang Rai International Airport', 1, 2, 1, 1, 'Chiang Rai', 'Thailand', 'Mueang Chiang Rai' ),	
( 'Phuket International Airport', 2, 1, 2, 2, 'Phuket', 'Thailand', 'Mai Khao' ),	
( 'Hat Yai International Airport', 1, 2, 1, 1, 'Hat Yai', 'Thailand', 'Khlong Hoi Khong' ),	
( 'Khon Kaen Airport', 1, 3, 1, 1, 'Khon Kaen', 'Thailand', 'Mueang Khon Kaen' ),	
( 'Udon Thani International Airport', 1, 1, 1, 1, 'Udon Thani', 'Thailand', 'Mueang Udon Thani' ),	
( 'Nakhon Si Thammarat Airport', 1, 2, 1, 1, 'Nakhon Si Thammarat', 'Thailand', 'Hua Sai' ),	
( 'Buriram Airport', 1, 2, 1, 1, 'Buriram', 'Thailand', 'Satuek' ),	
( 'Trang Airport', 1, 3, 1, 1, 'Trang', 'Thailand', 'Mueang Trang' ),	
( 'Krabi International Airport', 2, 1, 1, 1, 'Krabi', 'Thailand', 'Mueang Krabi' ),	
( 'Ubon Ratchathani Airport', 2, 2, 1, 1, 'Ubon Ratchathani', 'Thailand', 'Mueang Ubon Ratchathani' ),	
( 'Mae Sot Airport', 2, 3, 1, 2, 'Mae Sot', 'Thailand', 'Mae Sot' ),	
( 'Thong Sala Pier, Koh Phangan', 1, 3, 1, 2, 'Koh Phangan', 'Thailand', 'Ko Pha Ngan' ),	
( 'Nakhon Ratchasima Airport', 1, 1, 2, 1, 'Nakhon Ratchasima', 'Thailand', 'Mueang Nakhon Ratchasima' ),	
( 'Samui International Airport', 2, 2, 2, 2, 'Samui', 'Thailand', 'Ko Samui' ),	
( 'Hualien Airport', 1, 1, 2, 1, 'Hualien', 'Taiwan', 'Hualien City' ),	
( 'Chumphon Airport', 2, 3, 1, 1, 'Chumphon', 'Thailand', 'Mueang Chumphon' );	

CREATE TABLE IF NOT EXISTS legs (
    flight_num CHAR(6) NOT NULL,
    plane_size INT NOT NULL,
    plane_type NVARCHAR(80) NOT NULL,
    seat_num CHAR(3) NOT NULL,
	CONSTRAINT pk_legs PRIMARY KEY (flight_num)
);

TRUNCATE TABLE legs;
INSERT INTO legs (flight_num, plane_size, plane_type, seat_num) VALUES
 ( 'AM0182', 78, 'Bombardier Dash 8 Q400', '40D' ),		
 ( 'RB5713', 189, 'Boeing 737-800', '27B' ),		
 ( 'NV2794', 189, 'Boeing 737-800', '27B' ),		
 ( 'XZ3688', 78, 'Bombardier Dash 8 Q400', '40C' ),		
 ( 'SA9478', 78, 'Bombardier Dash 8 Q400', '47A' ),		
 ( 'GZ3613', 180, 'Airbus A320', '19E' ),		
 ( 'FQ2425', 180, 'Airbus A320', '17D' ),		
 ( 'IN5678', 189, 'Boeing 737-800', '17B' ),		
 ( 'XP7605', 189, 'Boeing 737-800', '35B' ),		
 ( 'IW7289', 189, 'Boeing 737-800', '01A' ),		
 ( 'KQ3503', 78, 'Bombardier Dash 8 Q400', '35B' ),		
 ( 'XA2500', 78, 'Bombardier Dash 8 Q400', '41C' ),		
 ( 'TV1415', 180, 'Airbus A320', '12B' ),		
 ( 'XS6786', 78, 'Bombardier Dash 8 Q400', '31D' ),		
 ( 'JS8607', 180, 'Airbus A320', '11A' ),		
 ( 'VG4531', 180, 'Airbus A320', '06D' ),		
 ( 'YS5016', 78, 'Bombardier Dash 8 Q400', '34C' ),		
 ( 'VI3748', 180, 'Airbus A320', '03E' ),		
 ( 'SH8183', 189, 'Boeing 737-800', '17J' ),		
 ( 'IZ7429', 189, 'Boeing 737-800', '13H' ),		
 ( 'UT6511', 189, 'Boeing 737-800', '39A' ),		
 ( 'KH7909', 78, 'Bombardier Dash 8 Q400', '32H' ),		
 ( 'IL8135', 180, 'Airbus A320', '06D' ),		
 ( 'QI7209', 180, 'Airbus A320', '04E' ),		
 ( 'FD7125', 78, 'Bombardier Dash 8 Q400', '33A' ),		
 ( 'PF0922', 78, 'Bombardier Dash 8 Q400', '35A' ),		
 ( 'SQ0654', 180, 'Airbus A320', '12B' ),		
 ( 'DH4835', 180, 'Airbus A320', '02A' ),		
 ( 'IH1182', 180, 'Airbus A320', '14E' ),		
 ( 'OJ0792', 189, 'Boeing 737-800', '19B' ),		
 ( 'SX2905', 189, 'Boeing 737-800', '06J' ),		
 ( 'KD8687', 189, 'Boeing 737-800', '38J' ),		
 ( 'KZ7665', 189, 'Boeing 737-800', '35B' ),		
 ( 'CV3474', 78, 'Bombardier Dash 8 Q400', '46B' ),		
 ( 'AP6896', 180, 'Airbus A320', '10D' ),		
 ( 'BW8394', 180, 'Airbus A320', '18B' ),		
 ( 'PH3793', 78, 'Bombardier Dash 8 Q400', '51A' ),		
 ( 'BD0104', 180, 'Airbus A320', '04A' ),		
 ( 'SM6279', 78, 'Bombardier Dash 8 Q400', '48C' ),		
 ( 'QM5192', 180, 'Airbus A320', '05D' ),		
 ( 'WE5390', 189, 'Boeing 737-800', '28K' ),		
 ( 'BL4480', 189, 'Boeing 737-800', '09K' ),		
 ( 'OI4410', 180, 'Airbus A320', '16E' ),		
 ( 'BC3490', 189, 'Boeing 737-800', '20K' ),		
 ( 'UK3571', 180, 'Airbus A320', '17A' ),		
 ( 'VK6402', 78, 'Bombardier Dash 8 Q400', '43D' ),		
 ( 'DF2891', 189, 'Boeing 737-800', '32C' ),		
 ( 'IR4090', 189, 'Boeing 737-800', '00B' ),		
 ( 'AZ7266', 189, 'Boeing 737-800', '20C' ),		
 ( 'EN2269', 180, 'Airbus A320', '01A' );	

CREATE TABLE IF NOT EXISTS ticket (
	ticket_id CHAR(6) NOT NULL,
	seat_num CHAR(3) NOT NULL,
	destination CHAR(3) NOT NULL,
	travel_date DATETIME NOT NULL,
	arrive_date DATETIME NOT NULL,
	start_point CHAR(3) NOT NULL,
	change_date DATETIME,
	reserve_date DATETIME NOT NULL,
	p_passport_id CHAR(9) NOT NULL,
	cus_citizen_id CHAR(13) NOT NULL,
	CONSTRAINT pk_ticket PRIMARY KEY (ticket_id, seat_num),
	CONSTRAINT fk_ticket_passport FOREIGN KEY (p_passport_id) REFERENCES passenger(p_passport_id),
	CONSTRAINT fk_ticket_citizen FOREIGN KEY (cus_citizen_id) REFERENCES customer(cus_citizen_id)
);

TRUNCATE TABLE ticket;
INSERT INTO ticket (ticket_id, seat_num, destination, travel_date, arrive_date, start_point, change_date, reserve_date, p_passport_id, cus_citizen_id) VALUES 
( 'HYAIGI', '11H', 'CNX', '2023-05-20 22:10:00', '2023-05-21 03:25:00', 'DMK', '2023-05-18 12:20:00', '2023-05-15 10:30:00', 'BA481920', '1102298671394' ),
( 'OCWBNM', '27B', 'DMK', '2023-05-20 22:10:01', '2023-05-21 07:10:01', 'HKT', NULL, '2023-05-18 16:20:00', 'TQ597511', '1113285777432' ),
( 'HATLHU', '27B', 'KBV', '2023-05-20 22:10:02', '2023-05-21 02:40:02', 'DMK', NULL, '2023-05-10 08:00:00', 'SX614430', '1119118542694' ),
( 'JDJXDE', '30H', 'DMK', '2023-05-20 22:10:03', '2023-05-21 01:55:03', 'CNX', NULL, '2023-05-09 19:15:00', 'VE657754', '1180206944788' ),
( 'LXPOOV', '05H', 'HDY', '2023-05-20 22:10:04', '2023-05-21 06:25:04', 'DMK', NULL, '2023-05-12 14:10:00', 'ED183646', '1148705657013' ),
( 'DMQZXI', '35C', 'CNX', '2023-05-20 22:10:05', '2023-05-21 04:40:05', 'HKT', '2023-05-16 11:50:00', '2023-05-14 09:45:00', 'DO477417', '1140420234729' ),
( 'NKVBEN', '17J', 'UTH', '2023-05-20 22:10:06', '2023-05-21 05:10:06', 'DMK', NULL, '2023-05-11 20:05:00', 'FR628679', '1126080846486' ),
( 'ZTHIYO', '17B', 'HKT', '2023-05-20 22:10:07', '2023-05-21 00:40:07', 'CNX', NULL, '2023-05-17 22:00:00', 'PY172671', '1167704895602' ),
( 'NHKVFG', '35B', 'URT', '2023-05-20 22:10:08', '2023-05-21 03:25:08', 'DMK', '2023-05-19 09:45:00', '2023-05-13 18:30:00', 'IW347070', '1193259796875' ),
( 'FJFRLC', '01A', 'KKC', '2023-05-20 22:10:09', '2023-05-21 02:10:09', 'DMK', NULL, '2023-05-07 06:50:00', 'IH386717', '1109022359732' ),
( 'ZYARXX', '24A', 'DMK', '2023-05-20 22:10:10', '2023-05-21 05:55:10', 'HKT', NULL, '2023-05-19 15:00:00', 'RX793483', '1153734464339' ),
( 'DMOUCI', '24J', 'DMK', '2023-05-20 22:10:11', '2023-05-21 08:40:11', 'CEI', NULL, '2023-05-02 13:25:00', 'ON763226', '1102332350591' ),
( 'XOVCJE', '00K', 'NST', '2023-05-20 22:10:12', '2023-05-21 00:40:12', 'DMK', NULL, '2023-05-06 10:55:00', 'OA307706', '1117875440464' ),
( 'KUYPYO', '16H', 'DMK', '2023-05-20 22:10:13', '2023-05-21 03:10:13', 'UBP', '2023-05-15 14:30:00', '2023-05-05 22:40:00', 'HO797910', '1141586855058' ),
( 'ZJZLJU', '34B', 'MAQ', '2023-05-20 22:10:14', '2023-05-21 06:55:14', 'DMK', NULL, '2023-05-08 16:15:00', 'AE057306', '1184736995081' ),
( 'VZHYND', '23B', 'DMK', '2023-05-20 22:10:15', '2023-05-21 04:55:15', 'KKC', NULL, '2023-05-10 08:10:00', 'IB267461', '1106684194824' ),
( 'UEJJAS', '19C', 'CNX', '2023-05-20 22:10:16', '2023-05-21 05:40:16', 'DMK', NULL, '2023-05-04 17:30:00', 'TZ932350', '1114018019731' ),
( 'KZEHFM', '23C', 'DMK', '2023-05-20 22:10:17', '2023-05-21 03:55:17', 'URT', NULL, '2023-05-09 21:25:00', 'JG646776', '1132838002101' ),
( 'BPFIHN', '17J', 'THS', '2023-05-20 22:10:18', '2023-05-21 04:40:18', 'DMK', NULL, '2023-05-01 11:20:00', 'AQ655225', '1148442317454' ),
( 'HLEZGN', '13H', 'NAK', '2023-05-20 22:10:19', '2023-05-21 01:25:19', 'DMK', '2023-05-17 06:10:00', '2023-05-14 08:35:00', 'OO206740', '1167781239293' ),
( 'HPGDEK', '39A', 'UBP', '2023-05-20 22:10:20', '2023-05-21 03:40:20', 'DMK', NULL, '2023-05-13 19:40:00', 'AE196789', '1192256804086' ),
( 'HFQFHR', '32H', 'URT', '2023-05-20 22:10:21', '2023-05-21 04:10:21', 'CNX', NULL, '2023-05-16 15:55:00', 'BK313456', '1132736187935' ),
( 'HGAGDN', '03H', 'TST', '2023-05-20 22:10:22', '2023-05-21 02:55:22', 'DMK', NULL, '2023-05-11 07:45:00', 'SZ628540', '1117819475207' ),
( 'OHCLRT', '37J', 'HKT', '2023-05-20 22:10:23', '2023-05-21 03:55:23', 'KKC', NULL, '2023-05-17 10:50:00', 'BX572602', '1157159900852' ),
( 'WHTMAF', '33A', 'USM', '2023-05-20 22:10:24', '2023-05-21 02:40:24', 'DMK', NULL, '2023-05-03 20:00:00', 'FX740854', '1149686748854' ),
( 'OPIXYW', '35A', 'HDY', '2023-05-20 22:10:25', '2023-05-21 04:40:25', 'CNX', '2023-05-14 14:10:00', '2023-05-08 14:30:00', 'QG424723', '1114054721122' ),
( 'QNGCGV', '12B', 'HGN', '2023-05-20 22:10:26', '2023-05-21 05:55:26', 'DMK', NULL, '2023-05-12 11:20:00', 'LX150813', '1102830980988' ),
( 'UOWUCP', '02A', 'UTH', '2023-05-20 22:10:27', '2023-05-21 01:40:27', 'HKT', NULL, '2023-05-04 23:15:00', 'TH480913', '1136740020318' ),
( 'SOFEFQ', '34C', 'CEI', '2023-05-20 22:10:28', '2023-05-21 02:55:28', 'DMK', NULL, '2023-05-06 12:55:00', 'BV676713', '1190818062557' ),
( 'NEFOJW', '19B', 'URT', '2023-05-20 22:10:29', '2023-05-21 06:25:29', 'URT', NULL, '2023-05-18 21:40:00', 'YY870886', '1123168888823' ),
( 'UHGFTW', '06J', 'HKT', '2023-05-20 22:10:30', '2023-05-21 02:25:30', 'DMK', NULL, '2023-05-03 18:25:00', 'VV114171', '1199725224695' ),
( 'WMYFJS', '38J', 'DMK', '2023-05-20 22:10:31', '2023-05-21 07:40:31', 'UTH', NULL, '2023-05-05 14:35:00', 'EK853886', '1147737804886' ),
( 'CEHOID', '35B', 'CNX', '2023-05-20 22:10:32', '2023-05-21 03:10:32', 'DMK', NULL, '2023-05-16 06:40:00', 'FJ110031', '1115017093173' ),
( 'WZVXNO', '24C', 'DMK', '2023-05-20 22:10:33', '2023-05-21 01:55:33', 'KBV', '2023-05-12 08:45:00', '2023-05-02 09:20:00', 'VI932648', '1129121085991' ),
( 'PZPXXZ', '10K', 'CEI', '2023-05-20 22:10:34', '2023-05-21 06:10:34', 'DMK', NULL, '2023-05-07 12:15:00', 'MJ737531', '1106970508061' ),
( 'WKENIV', '18B', 'URT', '2023-05-20 22:10:35', '2023-05-21 02:10:35', 'CNX', NULL, '2023-05-01 20:50:00', 'NX409112', '1133628955197' ),
( 'QXQBBJ', '31B', 'KKC', '2023-05-20 22:10:36', '2023-05-21 05:55:36', 'DMK', NULL, '2023-05-10 17:10:00', 'FE153538', '1125912617995' ),
( 'JWVYZC', '04H', 'KKC', '2023-05-20 22:10:37', '2023-05-21 00:55:37', 'HKT', NULL, '2023-05-08 22:30:00', 'CY818268', '1144048707563' ),
( 'UKNMSC', '25B', 'CJM', '2023-05-20 22:10:38', '2023-05-21 06:40:38', 'DMK', '2023-05-17 06:10:00', '2023-05-14 13:45:00', 'KS389634', '1112047305362' ),
( 'AHFQVK', '05K', 'USM', '2023-05-20 22:10:39', '2023-05-21 04:55:39', 'CNX', NULL, '2023-05-17 08:10:00', 'MY073424', '1144627855505' ),
( 'XZVAUV', '28K', 'TST', '2023-05-20 22:10:40', '2023-05-21 02:40:40', 'DMK', NULL, '2023-05-09 05:40:00', 'GM859796', '1117215228204' ),
( 'BFKIDT', '09K', 'URT', '2023-05-20 22:10:41', '2023-05-21 01:55:41', 'UBP', NULL, '2023-05-03 07:55:00', 'OE395052', '1154216419736' ),
( 'JWHRHF', '23K', 'NST', '2023-05-20 22:10:42', '2023-05-21 07:10:42', 'DMK', NULL, '2023-05-13 10:05:00', 'XH250089', '1165102454312' ),
( 'LHCSFA', '20K', 'DMK', '2023-05-20 22:10:43', '2023-05-21 06:25:43', 'KKC', '2023-05-18 20:40:00', '2023-05-06 17:00:00', 'OO010864', '1192554405147' ),
( 'YRLVJR', '34K', 'UBP', '2023-05-20 22:10:44', '2023-05-21 03:25:44', 'DMK', NULL, '2023-05-15 22:20:00', 'SK087696', '1198381445822' ),
( 'AEGEVA', '15J', 'KKC', '2023-05-20 22:10:45', '2023-05-21 04:55:45', 'HKT', NULL, '2023-05-12 20:30:00', 'IV850318', '1171494406621' ),
( 'NCPRVH', '32C', 'THS', '2023-05-20 22:10:46', '2023-05-21 01:55:46', 'DMK', NULL, '2023-05-11 16:50:00', 'DA816216', '1184078163731' ),
( 'WNYSZB', '00B', 'DMK', '2023-05-20 22:10:47', '2023-05-21 03:10:47', 'CNX', NULL, '2023-05-18 12:25:00', 'DV336883', '1179894974098' ),
( 'AQAUGB', '20C', 'KBV', '2023-05-20 22:10:48', '2023-05-21 07:40:48', 'DMK', NULL, '2023-05-05 09:30:00', 'GF644594', '1162499899066' ),
( 'EEZXNJ', '01A', 'UTH', '2023-05-20 22:10:49', '2023-05-21 06:10:49', 'DMK', '2023-05-19 18:45:00', '2023-05-15 06:40:00', 'SI289834', '1191160386967' );								

CREATE TABLE IF NOT EXISTS contain (
    flight_num CHAR(6) NOT NULL,
    ticket_id CHAR(6) NOT NULL,
    seat_num CHAR(3) NOT NULL,
    CONSTRAINT pk_contain PRIMARY KEY (flight_num, ticket_id, seat_num),
    CONSTRAINT fk_contain_flight FOREIGN KEY (flight_num) REFERENCES legs(flight_num),
    CONSTRAINT fk_contain_ticket FOREIGN KEY (ticket_id, seat_num) REFERENCES ticket(ticket_id, seat_num)
);
TRUNCATE TABLE contain;
INSERT INTO contain (flight_num, ticket_id, seat_num) VALUES
( 'AM0182', 'HYAIGI', '11H' ),
( 'RB5713', 'OCWBNM', '27B' ),
( 'NV2794', 'HATLHU', '27B' ),
( 'XZ3688', 'JDJXDE', '30H' ),
( 'SA9478', 'LXPOOV', '05H' ),
( 'GZ3613', 'DMQZXI', '35C' ),
( 'FQ2425', 'NKVBEN', '17J' ),
( 'IN5678', 'ZTHIYO', '17B' ),
( 'XP7605', 'NHKVFG', '35B' ),
( 'IW7289', 'FJFRLC', '01A' ),
( 'KQ3503', 'ZYARXX', '24A' ),
( 'XA2500', 'DMOUCI', '24J' ),
( 'TV1415', 'XOVCJE', '00K' ),
( 'XS6786', 'KUYPYO', '16H' ),
( 'JS8607', 'ZJZLJU', '34B' ),
( 'VG4531', 'VZHYND', '23B' ),
( 'YS5016', 'UEJJAS', '19C' ),
( 'VI3748', 'KZEHFM', '23C' ),
( 'SH8183', 'BPFIHN', '17J' ),
( 'IZ7429', 'HLEZGN', '13H' ),
( 'UT6511', 'HPGDEK', '39A' ),
( 'KH7909', 'HFQFHR', '32H' ),
( 'IL8135', 'HGAGDN', '03H' ),
( 'QI7209', 'OHCLRT', '37J' ),
( 'FD7125', 'WHTMAF', '33A' ),
( 'PF0922', 'OPIXYW', '35A' ),
( 'SQ0654', 'QNGCGV', '12B' ),
( 'DH4835', 'UOWUCP', '02A' ),
( 'IH1182', 'SOFEFQ', '34C' ),
( 'OJ0792', 'NEFOJW', '19B' ),
( 'SX2905', 'UHGFTW', '06J' ),
( 'KD8687', 'WMYFJS', '38J' ),
( 'KZ7665', 'CEHOID', '35B' ),
( 'CV3474', 'WZVXNO', '24C' ),
( 'AP6896', 'PZPXXZ', '10K' ),
( 'BW8394', 'WKENIV', '18B' ),
( 'PH3793', 'QXQBBJ', '31B' ),
( 'BD0104', 'JWVYZC', '04H' ),
( 'SM6279', 'UKNMSC', '25B' ),
( 'QM5192', 'AHFQVK', '05K' ),
( 'WE5390', 'XZVAUV', '28K' ),
( 'BL4480', 'BFKIDT', '09K' ),
( 'OI4410', 'JWHRHF', '23K' ),
( 'BC3490', 'LHCSFA', '20K' ),
( 'UK3571', 'YRLVJR', '34K' ),
( 'VK6402', 'AEGEVA', '15J' ),
( 'DF2891', 'NCPRVH', '32C' ),
( 'IR4090', 'WNYSZB', '00B' ),
( 'AZ7266', 'AQAUGB', '20C' ),
( 'EN2269', 'EEZXNJ', '01A' );

CREATE TABLE IF NOT EXISTS purchase (
	ticket_id CHAR(6) NOT NULL,
	seat_num CHAR(3) NOT NULL,
    addon_id CHAR(5) NOT NULL,
	CONSTRAINT pk PRIMARY KEY (addon_id, ticket_id, seat_num),
	CONSTRAINT fk_purchase_addon FOREIGN KEY (addon_id) REFERENCES add_on(addon_id),
	CONSTRAINT fk_purchase_ticket FOREIGN KEY (ticket_id, seat_num) REFERENCES ticket(ticket_id, seat_num)
);

TRUNCATE TABLE purchase;
INSERT INTO purchase (ticket_id, seat_num, addon_id) VALUES
  ( 'HYAIGI', '11H', 'NAO01' ),
  ( 'OCWBNM', '27B', 'NAO02' ),
  ( 'HATLHU', '27B', 'NAO00' ),
  ( 'JDJXDE', '30H', 'NAO00' ),
  ( 'LXPOOV', '05H', 'NAO00' ),
  ( 'DMQZXI', '35C', 'NAO00' ),
  ( 'NKVBEN', '17J', 'NAO01' ),
  ( 'ZTHIYO', '17B', 'NAO02' ),
  ( 'NHKVFG', '35B', 'NAO00' ),
  ( 'FJFRLC', '01A', 'NAO00' ),
  ( 'ZYARXX', '24A', 'NAO01' ),
  ( 'DMOUCI', '24J', 'NAO02' ),
  ( 'XOVCJE', '00K', 'NAO00' ),
  ( 'KUYPYO', '16H', 'NAO01' ),
  ( 'ZJZLJU', '34B', 'NAO00' ),
  ( 'VZHYND', '23B', 'NAO00' ),
  ( 'UEJJAS', '19C', 'NAO00' ),
  ( 'KZEHFM', '23C', 'NAO01' ),
  ( 'BPFIHN', '17J', 'NAO02' ),
  ( 'HLEZGN', '13H', 'NAO00' ),
  ( 'HPGDEK', '39A', 'NAO00' ),
  ( 'HFQFHR', '32H', 'NAO00' ),
  ( 'HGAGDN', '03H', 'NAO00' ),
  ( 'OHCLRT', '37J', 'NAO00' ),
  ( 'WHTMAF', '33A', 'NAO01' ),
  ( 'OPIXYW', '35A', 'NAO00' ),
  ( 'QNGCGV', '12B', 'NAO00' ),
  ( 'UOWUCP', '02A', 'NAO01' ),
  ( 'SOFEFQ', '34C', 'NAO02' ),
  ( 'NEFOJW', '19B', 'NAO00' ),
  ( 'UHGFTW', '06J', 'NAO01' ),
  ( 'WMYFJS', '38J', 'NAO00' ),
  ( 'CEHOID', '35B', 'NAO00' ),
  ( 'WZVXNO', '24C', 'NAO01' ),
  ( 'PZPXXZ', '10K', 'NAO00' ),
  ( 'WKENIV', '18B', 'NAO00' ),
  ( 'QXQBBJ', '31B', 'NAO00' ),
  ( 'JWVYZC', '04H', 'NAO00' ),
  ( 'UKNMSC', '25B', 'NAO02' ),
  ( 'AHFQVK', '05K', 'NAO00' ),
  ( 'XZVAUV', '28K', 'NAO00' ),
  ( 'BFKIDT', '09K', 'NAO01' ),
  ( 'JWHRHF', '23K', 'NAO02' ),
  ( 'LHCSFA', '20K', 'NAO00' ),
  ( 'YRLVJR', '34K', 'NAO00' ),
  ( 'AEGEVA', '15J', 'NAO00' ),
  ( 'NCPRVH', '32C', 'NAO00' ),
  ( 'WNYSZB', '00B', 'NAO02' ),
  ( 'AQAUGB', '20C', 'NAO00' ),
  ( 'EEZXNJ', '01A', 'NAO01' );
  
CREATE TABLE IF NOT EXISTS luggage (
	luggage_id CHAR(8) NOT NULL,
	l_pname NVARCHAR(20) NOT NULL,
	l_weight DECIMAL(4,2) NOT NULL,
	l_size NVARCHAR(3) NOT NULL,
	p_passport_id CHAR(9) NOT NULL,
	CONSTRAINT pk PRIMARY KEY (luggage_id),
	CONSTRAINT fk_luggage FOREIGN KEY (p_passport_id) REFERENCES passenger(p_passport_id)
);

TRUNCATE TABLE luggage;
INSERT INTO luggage (luggage_id, l_pname, l_weight, l_size, p_passport_id) VALUES
( 'ZD792387', 'Alice', 26.69, 'L', 'BA481920' ),
( 'UK672870', 'John', 31.5, 'XXL', 'TQ597511' ),
( 'QP049108', 'Jane', 26.54, 'L', 'SX614430' ),
( 'GZ978168', 'Michael', 22.73, 'M', 'VE657754' ),
( 'CL865643', 'Amelia', 26.87, 'L', 'ED183646' ),
( 'ON603505', 'Liam', 26.5, 'L', 'DO477417' ),
( 'AW851503', 'Emily', 18.83, 'S', 'FR628679' ),
( 'XQ657219', 'Henry', 28.55, 'XL', 'PY172671' ),
( 'WC676670', 'Sophia', 34.17, 'XXL', 'IW347070' ),
( 'PL676177', 'Chris', 18.85, 'S', 'IH386717' ),
( 'XB806439', 'Olivia', 19.52, 'S', 'RX793483' ),
( 'OX196568', 'William', 19.18, 'S', 'ON763226' ),
( 'IV404265', 'Liam', 27.38, 'L', 'OA307706' ),
( 'PQ654780', 'Noah', 28.75, 'XL', 'HO797910' ),
( 'BK869174', 'Charlotte', 32.29, 'XXL', 'AE057306' ),
( 'SE663334', 'Ethan', 29.02, 'XL', 'IB267461' ),
( 'IO952764', 'Amelia', 28.38, 'XL', 'TZ932350' ),
( 'UY446080', 'Liam', 25.08, 'M', 'JG646776' ),
( 'UU981017', 'Isabella', 26.78, 'L', 'AQ655225' ),
( 'TO248160', 'Lucas', 19.41, 'S', 'OO206740' ),
( 'PZ374269', 'Charlotte', 19.47, 'S', 'AE196789' ),
( 'FY091749', 'Amelia', 28.77, 'XL', 'BK313456' ),
( 'AV461705', 'Liam', 32.57, 'XXL', 'SZ628540' ),
( 'NS995906', 'Henry', 20.22, 'S', 'BX572602' ),
( 'YA440433', 'Chloe', 19.77, 'S', 'FX740854' ),
( 'QZ275334', 'Benjamin', 26.38, 'L', 'QG424723' ),
( 'RU454419', 'Lucy', 22.82, 'M', 'LX150813' ),
( 'LD046551', 'Mia', 20.06, 'S', 'TH480913' ),
( 'EI357343', 'Jacob', 22.96, 'M', 'BV676713' ),
( 'YY369070', 'Amelia', 32.74, 'XXL', 'YY870886' ),
( 'DF003879', 'Olivia', 19.21, 'S', 'VV114171' ),
( 'ST906160', 'Amelia', 27.32, 'L', 'EK853886' ),
( 'DH577411', 'Noah', 23.8, 'M', 'FJ110031' ),
( 'IO607544', 'Henry', 33.14, 'XXL', 'VI932648' ),
( 'MJ311712', 'William', 29.75, 'XL', 'MJ737531' ),
( 'WV105266', 'Sophia', 28.95, 'XL', 'NX409112' ),
( 'VK469023', 'Benjamin', 25.83, 'M', 'FE153538' ),
( 'IQ236592', 'Ava', 18.93, 'S', 'CY818268' ),
( 'HB818893', 'Lucas', 18.34, 'S', 'KS389634' ),
( 'WD821726', 'Grace', 25.16, 'M', 'MY073424' ),
( 'DA350233', 'Liam', 26.96, 'L', 'GM859796' ),
( 'IX372149', 'Jacob', 28.11, 'XL', 'OE395052' ),
( 'LD446172', 'Charlotte', 29.52, 'XL', 'XH250089' ),
( 'RL437548', 'Benjamin', 33.65, 'XXL', 'OO010864' ),
( 'HY456193', 'Amelia', 28.29, 'XL', 'SK087696' ),
( 'XP496218', 'Amelia', 28.49, 'XL', 'IV850318' ),
( 'EZ598507', 'Benjamin', 23.09, 'M', 'DA816216' ),
( 'TN046418', 'Emily', 18.53, 'S', 'DV336883' ),
( 'YH518312', 'Noah', 25.46, 'M', 'GF644594' ),
( 'BU532687', 'Mia', 27.74, 'L', 'SI289834' ),
( 'RX853431', 'Sophia', 26.47, 'L', 'LL013097' ),
( 'QC738408', 'William', 29.81, 'XL', 'SN604096' ),
( 'GI502752', 'Wannarot', 28.56, 'XL', 'JE749524' ),
( 'TM077665', 'Lucas', 32.88, 'XXL', 'ZG559237' ),
( 'SR831074', 'Sudarat', 23.03, 'M', 'FC657064' ),
( 'TY847223', 'Kritsada', 19.98, 'S', 'CS818559' ),
( 'IP202967', 'Siriporn', 22.6, 'M', 'US554340' ),
( 'AR794422', 'Sakchai', 29.8, 'XL', 'ED302566' ),
( 'MU766960', 'Napaporn', 28.57, 'XL', 'AI382338' ),
( 'NP225347', 'Chutima', 22.69, 'M', 'TB463206' ),
( 'MS656315', 'Prasit', 24.27, 'M', 'RR586361' ),
( 'GH600350', 'Nattawut', 28.81, 'XL', 'GD177878' ),
( 'FS662987', 'Waranya', 34.5, 'XXL', 'WJ870012' ),
( 'XX247187', 'Sathit', 25.84, 'M', 'DP819698' ),
( 'DJ566880', 'Kittinan', 27.99, 'L', 'DR577171' ),
( 'OA449208', 'Pornthip', 27.55, 'L', 'TL925713' ),
( 'YR529408', 'Kanchana', 19.32, 'S', 'TT658542' ),
( 'SR090440', 'Phasakorn', 29.34, 'XL', 'TR580680' ),
( 'FE114568', 'Chonlada', 25.53, 'M', 'OL937340' ),
( 'DF453132', 'Pongpol', 30.92, 'XXL', 'ER463023' ),
( 'BP928512', 'Prasit', 28.95, 'XL', 'LK124355' ),
( 'AJ916998', 'Chanchai', 29.39, 'XL', 'HY518752' ),
( 'WF702232', 'Somchai', 24.42, 'M', 'VZ781152' ),
( 'IH013028', 'Somchai', 28.66, 'XL', 'LU019569' ),
( 'WU041640', 'Wannarot', 28.83, 'XL', 'DJ565613' ),
( 'QU367890', 'Apichart', 26.94, 'L', 'XU893675' ),
( 'PI981492', 'Chitchai', 25.81, 'M', 'NE624774' ),
( 'CO681081', 'Prasit', 28.91, 'XL', 'XI532913' ),
( 'KJ602914', 'Jirawan', 28.48, 'XL', 'JN643754' ),
( 'RD362859', 'Phayung', 28.92, 'XL', 'CR407544' );

CREATE TABLE IF NOT EXISTS color (
	luggage_id CHAR(8) NOT NULL,
	luggage_color NVARCHAR(20) NOT NULL,
	CONSTRAINT pk_color PRIMARY KEY (luggage_id, luggage_color),
	CONSTRAINT fk_color FOREIGN KEY (luggage_id) REFERENCES luggage(luggage_id)
);

TRUNCATE TABLE color;
INSERT INTO color (luggage_id, luggage_color) VALUES
( 'ZD792387', 'Red' ),
( 'UK672870', 'Blue' ),
( 'QP049108', 'Green' ),
( 'GZ978168', 'Yellow' ),
( 'CL865643', 'Orange' ),
( 'ON603505', 'Purple' ),
( 'AW851503', 'Pink' ),
( 'XQ657219', 'Gray' ),
( 'WC676670', 'Brown' ),
( 'PL676177', 'Black' ),
( 'XB806439', 'White' ),
( 'OX196568', 'Silver' ),
( 'IV404265', 'Gold' ),
( 'PQ654780', 'Blue' ),
( 'BK869174', 'Green' ),
( 'SE663334', 'Red' ),
( 'IO952764', 'Yellow' ),
( 'UY446080', 'Pink' ),
( 'UU981017', 'Purple' ),
( 'TO248160', 'Black' ),
( 'PZ374269', 'White' ),
( 'FY091749', 'Gray' ),
( 'AV461705', 'Orange' ),
( 'NS995906', 'Silver' ),
( 'YA440433', 'Green' ),
( 'QZ275334', 'Red' ),
( 'RU454419', 'Pink' ),
( 'LD046551', 'Yellow' ),
( 'EI357343', 'Blue' ),
( 'YY369070', 'Purple' ),
( 'DF003879', 'White' ),
( 'ST906160', 'Brown' ),
( 'DH577411', 'Green' ),
( 'IO607544', 'Black' ),
( 'MJ311712', 'Red' ),
( 'WV105266', 'Orange' ),
( 'VK469023', 'Yellow' ),
( 'IQ236592', 'Gray' ),
( 'HB818893', 'Pink' ),
( 'WD821726', 'Blue' ),
( 'DA350233', 'Silver' ),
( 'IX372149', 'Green' ),
( 'LD446172', 'Black' ),
( 'RL437548', 'White' ),
( 'HY456193', 'Purple' ),
( 'XP496218', 'Red' ),
( 'EZ598507', 'Blue' ),
( 'TN046418', 'Green' ),
( 'YH518312', 'Yellow' ),
( 'BU532687', 'Black' ),
( 'RX853431', 'Pink' ),
( 'QC738408', 'Orange' ),
( 'GI502752', 'Gray' ),
( 'TM077665', 'White' ),
( 'SR831074', 'Silver' ),
( 'TY847223', 'Blue' ),
( 'IP202967', 'Green' ),
( 'AR794422', 'Red' ),
( 'MU766960', 'Pink' ),
( 'NP225347', 'Yellow' ),
( 'MS656315', 'Black' ),
( 'GH600350', 'White' ),
( 'FS662987', 'Purple' ),
( 'XX247187', 'Gray' ),
( 'DJ566880', 'Blue' ),
( 'OA449208', 'Green' ),
( 'YR529408', 'Yellow' ),
( 'SR090440', 'Orange' ),
( 'FE114568', 'Red' ),
( 'DF453132', 'Pink' ),
( 'BP928512', 'Black' ),
( 'AJ916998', 'White' ),
( 'WF702232', 'Green' ),
( 'IH013028', 'Red' ),
( 'WU041640', 'Blue' ),
( 'QU367890', 'Silver' ),
( 'PI981492', 'Yellow' ),
( 'CO681081', 'Pink' ),
( 'KJ602914', 'Green' ),
( 'RD362859', 'Purple' );

CREATE TABLE IF NOT EXISTS class (
	flight_num CHAR(6) NOT NULL, 
	legs_class NVARCHAR(20) NOT NULL,
	CONSTRAINT pk_class PRIMARY KEY (flight_num, legs_class),
	CONSTRAINT fk_class FOREIGN KEY (flight_num) REFERENCES legs(flight_num)
);

TRUNCATE TABLE class;
INSERT INTO class (flight_num, legs_class) VALUES
( 'AM0182', 'Economic'),
( 'RB5713', 'Business'),
( 'NV2794', 'First Class'),
( 'XZ3688', 'Economic'),
( 'SA9478', 'Business'),
( 'GZ3613', 'First Class'),
( 'FQ2425', 'Economic'),
( 'IN5678', 'Business'),
( 'XP7605', 'First Class'),
( 'IW7289', 'Economic'),
( 'KQ3503', 'Business'),
( 'XA2500', 'First Class'),
( 'TV1415', 'Economic'),
( 'XS6786', 'Business'),
( 'JS8607', 'First Class'),
( 'VG4531', 'Economic'),
( 'YS5016', 'Business'),
( 'VI3748', 'First Class'),
( 'SH8183', 'Economic'),
( 'IZ7429', 'Business'),
( 'UT6511', 'First Class'),
( 'KH7909', 'Economic'),
( 'IL8135', 'Business'),
( 'QI7209', 'First Class'),
( 'FD7125', 'Economic'),
( 'PF0922', 'Business'),
( 'SQ0654', 'First Class'),
( 'DH4835', 'Economic'),
( 'IH1182', 'Business'),
( 'OJ0792', 'First Class'),
( 'SX2905', 'Economic'),
( 'KD8687', 'Business'),
( 'KZ7665', 'First Class'),
( 'CV3474', 'Economic'),
( 'AP6896', 'Business'),
( 'BW8394', 'First Class'),
( 'PH3793', 'Economic'),
( 'BD0104', 'Business'),
( 'SM6279', 'First Class'),
( 'QM5192', 'Economic'),
( 'WE5390', 'Business'),
( 'BL4480', 'First Class'),
( 'OI4410', 'Economic'),
( 'BC3490', 'Business'),
( 'UK3571', 'First Class'),
( 'VK6402', 'Economic'),
( 'DF2891', 'Business'),
( 'IR4090', 'First Class'),
( 'AZ7266', 'Economic'),
( 'EN2269', 'Business');

CREATE TABLE IF NOT EXISTS boarding (
	airport_name NVARCHAR(80) NOT NULL,
	flight_num CHAR(6) NOT NULL,
	CONSTRAINT pk_boarding PRIMARY KEY (airport_name, flight_num),
	CONSTRAINT fk_boarding_airport FOREIGN KEY (airport_name) REFERENCES airport(airport_name),
	CONSTRAINT fk_boarding_flight FOREIGN KEY (flight_num) REFERENCES legs(flight_num)
);

TRUNCATE TABLE boarding;
INSERT INTO boarding (airport_name, flight_num) VALUES
( 'Don Mueang International Airport', 'AM0182'),
( 'Phuket International Airport', 'RB5713'),
( 'Don Mueang International Airport', 'NV2794'),
( 'Chiang Mai International Airport', 'XZ3688'),
( 'Don Mueang International Airport', 'SA9478'),
( 'Phuket International Airport', 'GZ3613'),
( 'Don Mueang International Airport', 'FQ2425'),
( 'Chiang Mai International Airport', 'IN5678'),
( 'Don Mueang International Airport', 'XP7605'),
( 'Don Mueang International Airport', 'IW7289'),
( 'Phuket International Airport', 'KQ3503'),
( 'Chiang Rai International Airport', 'XA2500'),
( 'Don Mueang International Airport', 'TV1415'),
( 'Ubon Ratchathani Airport', 'XS6786'),
( 'Don Mueang International Airport', 'JS8607'),
( 'Khon Kaen Airport', 'VG4531'),
( 'Don Mueang International Airport', 'YS5016'),
( 'Ubon Ratchathani Airport', 'VI3748'),
( 'Don Mueang International Airport', 'SH8183'),
( 'Don Mueang International Airport', 'IZ7429'),
( 'Don Mueang International Airport', 'UT6511'),
( 'Chiang Mai International Airport', 'KH7909'),
( 'Don Mueang International Airport', 'IL8135'),
( 'Khon Kaen Airport', 'QI7209'),
( 'Don Mueang International Airport', 'FD7125'),
( 'Chiang Mai International Airport', 'PF0922'),
( 'Don Mueang International Airport', 'SQ0654'),
( 'Phuket International Airport', 'DH4835'),
( 'Don Mueang International Airport', 'IH1182'),
( 'Ubon Ratchathani Airport', 'OJ0792'),
( 'Don Mueang International Airport', 'SX2905'),
( 'Udon Thani International Airport', 'KD8687'),
( 'Don Mueang International Airport', 'KZ7665'),
( 'Krabi International Airport', 'CV3474'),
( 'Don Mueang International Airport', 'AP6896'),
( 'Chiang Mai International Airport', 'BW8394'),
( 'Don Mueang International Airport', 'PH3793'),
( 'Phuket International Airport', 'BD0104'),
( 'Don Mueang International Airport', 'SM6279'),
( 'Chiang Mai International Airport', 'QM5192'),
( 'Don Mueang International Airport', 'WE5390'),
( 'Ubon Ratchathani Airport', 'BL4480'),
( 'Don Mueang International Airport', 'OI4410'),
( 'Khon Kaen Airport', 'BC3490'),
( 'Don Mueang International Airport', 'UK3571'),
( 'Phuket International Airport', 'VK6402'),
( 'Don Mueang International Airport', 'DF2891'),
( 'Chiang Mai International Airport', 'IR4090'),
( 'Don Mueang International Airport', 'AZ7266'),
( 'Don Mueang International Airport', 'EN2269');

CREATE TABLE IF NOT EXISTS landing (
	airport_name NVARCHAR(80) NOT NULL,
	flight_num CHAR(6) NOT NULL,
	CONSTRAINT pk_landing PRIMARY KEY (airport_name, flight_num),
	CONSTRAINT fk_landing_airport FOREIGN KEY (airport_name) REFERENCES airport(airport_name),
	CONSTRAINT fk_landing_flight FOREIGN KEY (flight_num) REFERENCES legs(flight_num)
);

TRUNCATE TABLE landing;
INSERT INTO landing (airport_name, flight_num) VALUES
( 'Chiang Mai International Airport', 'AM0182'),
( 'Don Mueang International Airport', 'RB5713'),
( 'Krabi International Airport', 'NV2794'),
( 'Don Mueang International Airport', 'XZ3688'),
( 'Hat Yai International Airport', 'SA9478'),
( 'Chiang Mai International Airport', 'GZ3613'),
( 'Udon Thani International Airport', 'FQ2425'),
( 'Phuket International Airport', 'IN5678'),
( 'Ubon Ratchathani Airport', 'XP7605'),
( 'Khon Kaen Airport', 'IW7289'),
( 'Don Mueang International Airport', 'KQ3503'),
( 'Don Mueang International Airport', 'XA2500'),
( 'Nakhon Si Thammarat Airport', 'TV1415'),
( 'Don Mueang International Airport', 'XS6786'),
( 'Mae Sot Airport', 'JS8607'),
( 'Don Mueang International Airport', 'VG4531'),
( 'Chiang Mai International Airport', 'YS5016'),
( 'Don Mueang International Airport', 'VI3748'),
( 'Thong Sala Pier, Koh Phangan', 'SH8183'),
( 'Nakhon Ratchasima Airport', 'IZ7429'),
( 'Ubon Ratchathani Airport', 'UT6511'),
( 'Ubon Ratchathani Airport', 'KH7909'),
( 'Trang Airport', 'IL8135'),
( 'Phuket International Airport', 'QI7209'),
( 'Samui International Airport', 'FD7125'),
( 'Hat Yai International Airport', 'PF0922'),
( 'Hualien Airport', 'SQ0654'),
( 'Udon Thani International Airport', 'DH4835'),
( 'Chiang Rai International Airport', 'IH1182'),
( 'Ubon Ratchathani Airport', 'OJ0792'),
( 'Phuket International Airport', 'SX2905'),
( 'Don Mueang International Airport', 'KD8687'),
( 'Chiang Mai International Airport', 'KZ7665'),
( 'Don Mueang International Airport', 'CV3474'),
( 'Chiang Rai International Airport', 'AP6896'),
( 'Ubon Ratchathani Airport', 'BW8394'),
( 'Khon Kaen Airport', 'PH3793'),
( 'Khon Kaen Airport', 'BD0104'),
( 'Chumphon Airport', 'SM6279'),
( 'Samui International Airport', 'QM5192'),
( 'Trang Airport', 'WE5390'),
( 'Ubon Ratchathani Airport', 'BL4480'),
( 'Nakhon Si Thammarat Airport', 'OI4410'),
( 'Don Mueang International Airport', 'BC3490'),
( 'Ubon Ratchathani Airport', 'UK3571'),
( 'Khon Kaen Airport', 'VK6402'),
( 'Thong Sala Pier, Koh Phangan', 'DF2891'),
( 'Don Mueang International Airport', 'IR4090'),
( 'Krabi International Airport', 'AZ7266'),
( 'Udon Thani International Airport', 'EN2269');
